{"prefabKind":0,"waitPos":{"x":0.0,"y":-2.0,"z":0.0},"appearWaitTime":0.0,"appearSpeed":0.05000000074505806,"appearheight":1.0,"objScale":{"x":1.5,"y":2.0,"z":1.0},"colPos":{"x":0.0,"y":0.0,"z":0.0},"colScale":{"x":1.0,"y":1.0,"z":1.0},"maxHealthPoint":10,"armor":10,"magicRegistant":5}
{"prefabKind":1,"waitPos":{"x":0.0,"y":-2.0,"z":0.0},"appearWaitTime":0.0,"appearSpeed":0.05000000074505806,"appearheight":1.0,"objScale":{"x":1.2000000476837159,"y":1.0,"z":1.0},"colPos":{"x":0.0,"y":0.0,"z":0.0},"colScale":{"x":1.0,"y":2.0,"z":1.0},"maxHealthPoint":15,"armor":7,"magicRegistant":3}
{"prefabKind":2,"waitPos":{"x":0.0,"y":-2.0,"z":0.0},"appearWaitTime":5.0,"appearSpeed":0.009999999776482582,"appearheight":0.8999999761581421,"objScale":{"x":1.2999999523162842,"y":1.0,"z":1.2999999523162842},"colPos":{"x":0.0,"y":0.0,"z":0.0},"colScale":{"x":1.0,"y":2.5,"z":1.0},"maxHealthPoint":5,"armor":20,"magicRegistant":5}
{"prefabKind":3,"waitPos":{"x":0.0,"y":-2.0,"z":0.0},"appearWaitTime":0.0,"appearSpeed":-2.0,"appearheight":1.2999999523162842,"objScale":{"x":1.0,"y":1.0,"z":1.0},"colPos":{"x":0.20000000298023225,"y":-0.20000000298023225,"z":0.0},"colScale":{"x":3.200000047683716,"y":2.5999999046325685,"z":2.0999999046325685},"maxHealthPoint":40,"armor":20,"magicRegistant":10}