{"prefabName":"Rock_Obstacle0","area":[1,1],"waitPos":[0.0,-2.0,0.0],"appearWaitTime":0.0,"appearSpeed":0.05000000074505806,"appearheight":1.0,"objScale":[1.0,2.0,1.0],"colPos":[1.0,1.0,1.0],"colScale":[1.0,1.0,1.0],"maxHealthPoint":10,"armor":10,"magicRegistant":5}
{"prefabName":"Rock_Obstacle1","area":[1,1],"waitPos":[0.0,-2.0,0.0],"appearWaitTime":0.0,"appearSpeed":0.05000000074505806,"appearheight":1.0,"objScale":[1.0,1.0,1.0],"colPos":[1.0,1.0,1.0],"colScale":[1.0,1.0,1.0],"maxHealthPoint":15,"armor":7,"magicRegistant":3}
{"prefabName":"Rock_Obstacle2","area":[1,1],"waitPos":[0.0,-2.0,0.0],"appearWaitTime":0.0,"appearSpeed":0.05000000074505806,"appearheight":0.8999999761581421,"objScale":[1.0,1.0,1.0],"colPos":[1.0,1.0,1.0],"colScale":[1.0,1.0,1.0],"maxHealthPoint":5,"armor":20,"magicRegistant":5}
{"prefabName":"Rock_Obstacle3","area":[2,1],"waitPos":[],"appearWaitTime":0.0,"appearSpeed":-2.0,"appearheight":1.2999999523162842,"objScale":[1.0,1.0,1.0],"colPos":[0.20000000298023225,-0.20000000298023225,0.0],"colScale":[3.200000047683716,2.5999999046325685,2.0999999046325685],"maxHealthPoint":40,"armor":20,"magicRegistant":10}